video_id,title,description_length,publish_date,category_id,tags_count,view_count,like_count,comment_count,duration_sec,thumbnail_brightness,face_count,channel_title,subscriber_count,channel_country,upload_hour,upload_day,days_since_upload,est_views_7d,est_views_30d
Ye8NxLnh8qE,Parkhi Rahechu (Official Music Video),1373,2025-06-24T16:15:06Z,10,0,872734,61779,3352,301,69.31037808641975,0,John Rai,448000,US,16,Tuesday,8,763642,872734
fGF10RLUm1U,K Garu | Official Music Video |,1464,2024-07-29T14:32:12Z,10,5,18317536,213300,5418,391,52.409550540123455,0,John Rai,448000,US,14,Monday,338,379357,1625816
K_XcqhPtmzo,"Hawa Jastai - John Chamling Rai | Official Music Video | Starring Sujan Zimba, Dixu & Himanshu |",1958,2023-06-30T10:15:11Z,10,17,27908401,320411,13720,410,79.51584297839506,1,John Rai,448000,US,10,Friday,733,266519,1142226
M_AeBRELg4w,NIHITA (निहित),466,2022-06-08T12:13:59Z,10,18,25827008,140333,1998,187,18.92322723765432,1,John Rai,448000,US,12,Wednesday,1120,161418,691794
FRled0BaA_Q,Malai Jitnu Xa (PUBG MOBILE Nepal ft. John Rai),1778,2025-04-27T14:24:36Z,10,27,188905,21709,1161,202,51.9614274691358,2,John Rai,448000,US,14,Sunday,66,20035,85865
i6bI8MRkxBc,Farkanna Hola ( Official Lyrical Video ) Prod. by Tunna Bell Thapa #shotoniphone,1526,2023-10-13T11:20:17Z,10,18,21031499,128166,2271,225,15.612818287037037,0,John Rai,448000,US,11,Friday,628,234427,1004689
omp-XZ_X7wo,John Chamling - Samaya Ley,338,2023-12-07T11:15:09Z,10,18,2910510,55086,1008,187,50.86687885802469,0,John Rai,448000,US,11,Thursday,573,35555,152382
nVJJ_ivgELA,Putali | The Elements (Lyrical video),1986,2020-04-07T13:15:13Z,10,0,13938912,91803,943,271,133.79896604938273,0,The Elements,130000,NP,13,Tuesday,1912,51031,218706
txmLqITl1h8,Urja | The Elements,3869,2022-04-23T03:15:10Z,10,0,1902064,28989,578,242,158.32159143518518,0,The Elements,130000,NP,3,Saturday,1167,11409,48896
y8himFW553M,Tyaag | The Elements,1141,2023-02-11T03:15:09Z,10,0,1770240,28016,720,246,33.072737268518516,0,The Elements,130000,NP,3,Saturday,873,14194,60832
me8guS2gYyI,Upahar | The Elements,1151,2023-04-22T03:51:08Z,10,0,1766874,22219,570,249,177.60702546296295,0,The Elements,130000,NP,3,Saturday,803,15402,66010
Sc1OI1i-Kgs,"APARIBHASIT | SWAR | Swapnil Sharma, Rohit Shakya & Gautam Tandukar",1866,2022-04-05T13:15:12Z,10,15,23660037,171983,4938,287,78.92772955246913,0,Swar,192000,NP,13,Tuesday,1184,139881,599494
oGFn8MI3Bmo,BADAL SARI || SWAR X JOHN RAI X Cr7horaa @swapnilsharmasings Dir by:@RohitShakya,2087,2024-11-20T16:15:07Z,10,22,12979214,278568,10593,385,66.8489988425926,2,Swar,192000,NP,16,Wednesday,224,405600,1738287
lsqbpw67hSs,"MA MARE PANI| SWAR | Swapnil Sharma, Rohit Shakya & Gautam Tandukar",1307,2025-03-21T16:15:07Z,10,17,7045711,89306,3073,333,78.28238425925926,1,Swar,192000,NP,16,Friday,103,478834,2052148
-JhZOeTXwrg,"UDIRAHECHAN | SWAR | Swapnil Sharma, Rohit Shakya & Gautam Tandukar",1490,2024-04-20T08:53:17Z,10,21,3679648,38138,1241,344,101.42119405864197,0,Swar,192000,NP,8,Saturday,438,58807,252030
UZqN1QT0ZXs,"BISTARAI  | SWAR | Swapnil Sharma, Rohit Shakya & Gautam Tandukar",1458,2023-02-10T14:15:10Z,10,18,3222793,41437,1452,300,76.90735725308642,2,Swar,192000,NP,14,Friday,873,25841,110748
XYMCRw_6PRA,Maya Ma,152,2025-04-14T15:19:43Z,10,2,207212,4579,169,287,118.90446180555556,0,Swar - Topic,1400,,15,Monday,79,18360,78688
HVxeyJoY1lk,"Aunla Haru | SWAR | Swapnil Sharma, Rohit Shakya & Gautam Tandukar",725,2023-05-20T02:15:10Z,10,27,914109,17055,602,289,63.85478009259259,0,Swar,192000,NP,2,Saturday,775,8256,35384
kz6pELQncyw,"K PAYE | SWAR | Swapnil Sharma, Rohit Shakya & Gautam Tandukar",1195,2022-06-11T03:15:14Z,10,15,1385088,23502,1342,200,25.907756558641974,1,Swar,192000,NP,3,Saturday,1118,8672,37166
g6ygdCjHoak,"Sansaar || Swar || Swapnil Sharma, Rohit Shakya and Gautam Tandukar",871,2024-06-14T12:45:07Z,10,12,2374972,33073,1291,277,66.15965277777778,0,Swar,192000,NP,12,Friday,383,43406,186029
dYngnREoIEY,Bistarai Live 2025: A Musical Journey Like Never Before!,184,2025-04-03T18:31:29Z,10,17,5657,249,25,139,32.68332175925926,0,Swar,192000,NP,18,Thursday,90,439,1885
-JhZOeTXwrg,"UDIRAHECHAN | SWAR | Swapnil Sharma, Rohit Shakya & Gautam Tandukar",1490,2024-04-20T08:53:17Z,10,21,3679648,38138,1241,344,101.42119405864197,0,Swar,192000,NP,8,Saturday,438,58807,252030
BcKBAl3dOGA,SWAR - Aparibhasit Live at Golden Retriever Studios |  Swapnil Sharma & Rohit Shakya |,721,2022-12-07T05:20:12Z,10,20,1167224,14689,550,323,63.31816550925926,1,Swar,192000,NP,5,Wednesday,939,8701,37291
Ju04VnTdkEA,Sahara | Rockheads | Official teaser,821,2025-06-22T12:58:06Z,10,0,22015,2657,194,29,56.966383101851854,0,Rockheads Nepal,178000,NP,12,Sunday,10,15410,22015
i4LKULh4wEw,BHAWANA | Rockheads | Official Music Video,1664,2024-10-30T12:15:07Z,10,0,7463172,85322,1900,321,65.62845486111111,1,Rockheads Nepal,178000,NP,12,Wednesday,245,213233,913857
uXN6wT9Qz18,DHUN | Rockheads | Official Music Video,1939,2024-03-20T15:45:07Z,10,0,6123686,58515,1716,359,75.40975694444444,0,Rockheads Nepal,178000,NP,15,Wednesday,469,91398,391706
RL7Y3wAMOlg,RANGA Extended -  Rockheads,1024,2023-12-23T14:15:10Z,10,0,1498848,13189,242,292,38.611099537037035,0,Rockheads Nepal,178000,NP,14,Saturday,557,18836,80727
NsCP-IdSW1k,ROCKHEADS | For my love,2336,2023-10-05T13:15:10Z,10,0,747624,13804,390,276,100.19466820987654,2,Rockheads Nepal,178000,NP,13,Thursday,636,8228,35265
m4Tj1EfRKlg,Hajar Janma | Rockheads Nepal | Official Music Video,1711,2023-06-03T17:15:08Z,10,29,15895439,142698,2304,343,46.384863040123456,0,Rockheads Nepal,178000,NP,17,Saturday,760,146405,627451
U5syMIJ5JRA,ROCKHEADS | RANGA |,1494,2021-06-22T11:15:13Z,22,5,31512560,195874,3593,246,64.08556327160494,0,Rockheads Nepal,178000,NP,11,Tuesday,1471,149957,642676
ALtgiWtA_VM,Khola Kharey (raw),1361,2025-06-21T13:15:06Z,10,0,222423,25329,971,214,7.839845679012345,0,Purna Rai,518000,NP,13,Saturday,11,141541,222423
5yuuRveinFc,Purna Rai and Dajubhaiharu | Maya Ma (माया म),891,2025-05-03T17:02:49Z,10,0,5659892,159237,4702,380,20.269608410493827,0,Purna Rai,518000,NP,17,Saturday,60,660320,2829946
K-w04FG6eyI,Purna Rai & Dajubhaiharu - Sparsha Sangeet,1421,2024-07-06T16:34:40Z,10,0,38779878,416345,18599,464,79.03811535493827,1,Purna Rai,518000,NP,16,Saturday,361,751964,3222704
7uOq9zWTC5g,Purna Rai-Mann cha?,29,2024-04-17T11:18:01Z,10,0,1831151,0,1125,181,122.05627700617283,0,Purna Rai,518000,NP,11,Wednesday,441,29065,124568
sggZZXZkaDc,Purna Rai & Dajubhaiharu-Paribhasa,1269,2024-03-29T12:10:16Z,10,0,3612908,45699,1316,356,27.218032407407406,0,Purna Rai,518000,NP,12,Friday,460,54979,235624
iTSmKz9EoYo,बादल,23,2024-03-01T12:36:54Z,10,0,266651,0,458,332,72.59324266975308,0,Purna Rai,518000,NP,12,Friday,488,3824,16392
KfIo1E5VFws,Purna Rai - Swarga (Raw),109,2023-12-29T11:35:54Z,10,0,205354,9026,243,138,27.29132523148148,0,Purna Rai,518000,NP,11,Friday,551,2608,11180
9bd2nvAKyMc,Purna Rai - Kalo/Seto (official music video),992,2023-11-01T15:43:58Z,10,0,43646060,284262,5397,274,75.50526427469136,1,Purna Rai,518000,NP,15,Wednesday,609,501678,2150052
pYHGmfgNYAQ,Purna Rai - A love letter to Darjeeling,837,2023-10-07T09:15:10Z,10,0,1108888,26964,847,379,65.71246334876543,0,Purna Rai,518000,NP,9,Saturday,634,12243,52471
SAxf5p1bjPo,Dhurwa Tara - Lyrical video,0,2023-09-09T08:31:47Z,10,0,403696,7651,118,368,83.58878665123457,0,Purna Rai,518000,NP,8,Saturday,662,4268,18294
QThx68A9LkU,Purna Rai - Sparsha Sangeet-Raw(Timro maya ९९ vaye mero maya १००),451,2023-08-11T11:15:11Z,10,0,5246868,68597,1298,246,79.12021412037036,2,Purna Rai,518000,NP,11,Friday,691,53152,227794
O5eePfGZWP8,Purna Rai - CHAAK,3506,2023-06-21T13:15:11Z,10,0,949197,23542,572,277,69.75813271604939,0,Purna Rai,518000,NP,13,Wednesday,742,8954,38377
ImnlZsJNI-A,मनका कुरा।,78,2020-12-21T10:18:46Z,10,0,794228,26505,623,150,109.35673804012346,1,Purna Rai,518000,NP,10,Monday,1654,3361,14405
jXz2YH06Epw,Purna Rai - BIRAM,220,2020-04-13T12:45:33Z,10,17,3062965,28911,883,343,33.22255787037037,0,Purna Rai,518000,NP,12,Monday,1906,11249,48210
_q09tp1-L5k,Charka Dheba - Tribute to Bishwo Maka,890,2025-03-21T11:58:27Z,24,0,320645,8064,394,214,32.9082600308642,0,KUMA SAGAR,225000,NP,11,Friday,103,21791,93391
vufspps4erY,"""Oh Champa"" Tarani Janani – Kuma Sagar Official video",4128,2023-10-15T12:15:08Z,24,0,6548013,54119,1037,253,51.73710069444444,1,KUMA SAGAR,225000,NP,12,Sunday,626,73220,313802
at93FMsH3fY,"Kuma Sagar - ""Dharke Jhola"" ft. Suren Lama",289,2024-07-23T07:00:07Z,24,0,741125,13195,272,221,94.8561188271605,0,KUMA SAGAR,225000,NP,7,Tuesday,345,15037,64445
_cap4oWCW-g,"Rukri Ma - Kuma Sagar ll Rudrayani - Shree Kali Devi, Khokana",620,2024-11-18T08:08:28Z,24,0,2262251,25989,739,264,37.33006944444445,0,KUMA SAGAR,225000,NP,8,Monday,226,70069,300298
UYclbkc2_Js,Chahare Sari - Daaya Taya ( Bhagwan sari),635,2024-02-28T02:15:22Z,24,0,3195669,27562,677,370,63.921969521604936,0,KUMA SAGAR,225000,NP,2,Wednesday,491,45559,195254
-nnYpg0wY5o,Ma (Cycle) ll Official Music Video ll Kuma Sagar,2067,2021-11-04T15:15:12Z,24,9,453789,8725,254,344,103.46456404320988,0,KUMA SAGAR,225000,NP,15,Thursday,1336,2377,10189
phSN6iciG94,Chameli Phoola “Champa” ft. Anish Maharjan ll Suren lama Official Video,866,2022-07-07T15:56:24Z,24,6,9424535,53818,734,298,45.382831790123454,0,KUMA SAGAR,225000,NP,15,Thursday,1091,60469,259153
61TqN5amlzQ,MaleGaun ll Kuma Sagar,920,2021-09-03T14:34:21Z,24,9,163029,4568,125,336,100.91253472222222,0,KUMA SAGAR,225000,NP,14,Friday,1398,816,3498
yu40vUYUjVo,SATH DEUNA ll ACOUSTIC ll GHAR MAI RECORD SEASON,153,2020-02-09T08:22:25Z,24,12,77408,2551,115,204,77.62524305555556,0,KUMA SAGAR,225000,NP,8,Sunday,1970,275,1178
gebozQyu-pY,A Mai Re ll Kuma Sagar  ' Hawa Ko Lahar ',439,2023-08-22T11:18:04Z,24,3,17406818,107705,2097,303,89.76171682098766,0,KUMA SAGAR,225000,NP,11,Tuesday,680,179187,767947
S_ExfLW4mfM,BAJEKO BAJANG ll KUMA SAGAR ll GHAR MAI RECORD SEASON,326,2020-04-21T02:54:28Z,24,19,1955165,23218,442,209,54.98394483024691,1,KUMA SAGAR,225000,NP,2,Tuesday,1899,7207,30887
FLbE0IkHLkg,Furfuri - Kuma Sagar,591,2024-06-14T06:07:06Z,24,0,13482137,92799,1472,254,17.212851080246914,0,KUMA SAGAR,225000,NP,6,Friday,384,245768,1053291
QBeoEGW4aXg,Harey - Kuma Sagar  ( Raw ),284,2024-01-06T03:40:15Z,24,0,239605,3954,129,262,67.95793402777778,0,KUMA SAGAR,225000,NP,3,Saturday,544,3083,13213
sCQDGs7W6mE,Kumari Janani - Furfuri ll ll Kuma Sagar And The Khwopa (Jam Session),923,2024-11-23T16:03:55Z,22,0,9154453,87910,1170,362,94.3964525462963,1,Kuma ley Station,89300,,16,Saturday,221,289960,1242685
Bm7EIuztc-g,The Co-incidence Band | Katha Le || Ft.Suyog & Abha || Music Video 2025,742,2025-02-03T13:15:06Z,22,9,6925,476,131,328,17.244363425925926,2,The Coincidence,623,NP,13,Monday,149,325,1394
UqMTGW4tPP8,BARSHIYO JHARI | THE CO-INCIDENCE BAND | OFFICIAL MUSIC VIDEO,1399,2025-06-15T14:00:06Z,10,25,22593,327,85,349,33.389837962962964,0,The Coincidence,623,NP,14,Sunday,17,9303,22593
UC3k11aJnnU,Timi Bhane - Albatross (Barahsinghe Acoustic Sessions),315,2024-04-10T14:15:07Z,10,3,12785511,68730,981,304,33.59073302469136,1,Albatross Nepal - Official,244000,US,14,Wednesday,448,199773,856172
4oR9hq7QQKU,Timi Bhane | ALBATROSS,28,2018-04-24T21:55:03Z,10,1,13546420,96849,1171,329,90.42231095679013,0,Albatross Nepal - Official,244000,US,21,Tuesday,2626,36110,154757
8FkLpm0txkk,Khaseka Tara - Albatross (Barahsinghe Acoustic Sessions),346,2025-02-21T14:15:07Z,10,3,895484,7557,218,311,25.803609182098764,1,Albatross Nepal - Official,244000,US,14,Friday,131,47850,205072
0nP9axR2mVU,Khaseka Tara | ALBATROSS,28,2018-04-24T23:22:13Z,10,1,7268021,56873,1227,302,90.42231095679013,0,Albatross Nepal - Official,244000,US,23,Tuesday,2626,19374,83031
ok9MH86gRK4,Bachau - Albatross (Barahsinghe Acoustic Sessions),328,2024-08-16T14:15:34Z,10,3,1321893,11291,293,267,22.97895447530864,1,Albatross Nepal - Official,244000,US,14,Friday,320,28916,123927
SC5c-AzmCbs,Nischal (FULL VIDEO) | ALBATROSS,17,2018-04-24T19:10:38Z,10,8,6661152,40911,443,244,36.05964891975309,0,Albatross Nepal - Official,244000,US,19,Tuesday,2626,17756,76098
y9YdkP-6d_E,Abhiman | ALBATROSS,17,2018-04-24T18:53:07Z,10,1,5350505,31822,440,384,120.22861689814815,0,Albatross Nepal - Official,244000,US,18,Tuesday,2626,14262,61125
O3F4q8RkI68,Abhiman - Albatross (Barahsinghe Acoustic Sessions),328,2024-07-12T13:15:08Z,10,3,701488,7288,316,386,28.789255401234566,0,Albatross Nepal - Official,244000,US,13,Friday,355,13832,59280
HyDNDgZjDws,Albatross | Bachau | 2020 |,105,2020-07-04T14:15:26Z,10,3,2747738,29205,632,282,117.9980574845679,1,Albatross Nepal - Official,244000,US,14,Saturday,1824,10545,45193
rpk_NmKt7FE,Jhhari ko Raat | ALBATROSS,17,2018-04-24T19:02:59Z,10,1,876238,7846,115,312,120.22861689814815,0,Albatross Nepal - Official,244000,US,19,Tuesday,2626,2335,10010
L4XjEuCPOJY,Bachau | ALBATROSS | Official Video | RAAT Ko RANI,1945,2019-09-22T13:15:09Z,10,34,2544721,58003,2210,293,112.32120949074074,0,Albatross Nepal - Official,244000,US,13,Sunday,2110,8442,36180
8vcdlGvBugo,Intro - Ma Ra Malai | ALBATROSS,11,2018-04-24T17:34:01Z,10,3,1408584,15697,261,373,136.2245775462963,0,Albatross Nepal - Official,244000,US,17,Tuesday,2626,3754,16091
2m4gYL9jmJE,Bhawana | ALBATROSS | Official Music Video | Raat Ko Rani,1222,2022-10-08T04:15:10Z,10,3,935652,26211,886,296,63.342447916666664,0,Albatross Nepal - Official,244000,US,4,Saturday,999,6556,28097
7O8xMiTAmpQ,Nepali,264,2023-05-26T10:00:11Z,10,3,4522,45,2,256,78.04838927469136,0,Albatross - Topic,2640,,10,Friday,768,41,176
UTeep0eR7_c,Asha Nirasha,282,2023-05-26T10:00:30Z,10,3,10514,253,8,253,78.04838927469136,0,Albatross - Topic,2640,,10,Friday,768,95,410
mpuk6hpti34,Hellskitchen 2.0,274,2023-05-26T10:00:42Z,10,3,4031,66,4,307,78.04838927469136,0,Albatross - Topic,2640,,10,Friday,768,36,157
YTxo4ljQyE8,Suchana! Suchana!! Suchana!!!,287,2023-05-26T10:00:21Z,10,3,10161,269,7,260,78.04838927469136,0,Albatross - Topic,2640,,10,Friday,768,92,396
gRTWJ2Jxg4w,Bachau,264,2023-05-26T10:00:26Z,10,3,9451,200,12,259,78.04838927469136,0,Albatross - Topic,2640,,10,Friday,768,86,369
F4LdrfmbPC0,Kaha Janchau,279,2023-05-26T10:00:09Z,10,4,3506,77,7,246,78.04838927469136,0,Albatross - Topic,2640,,10,Friday,768,31,136
dCbHta4Fz1g,Raat Ko Rani,285,2023-05-26T10:00:34Z,10,3,15000,226,9,294,78.04838927469136,0,Albatross - Topic,2640,,10,Friday,768,136,585
dCbHta4Fz1g,Raat Ko Rani,285,2023-05-26T10:00:34Z,10,3,15000,226,9,294,78.04838927469136,0,Albatross - Topic,2640,,10,Friday,768,136,585
RTqeFLPFp7U,Ibtidaa,265,2023-05-26T10:00:17Z,10,3,25168,1444,75,255,78.04838927469136,0,Albatross - Topic,2640,,10,Friday,768,229,983
2C1uVB-n7jY,Ujyaalo | The Elements | Official Music Video,1139,2025-02-13T00:15:06Z,10,0,174697,8186,218,264,93.52484182098766,0,The Elements,130000,NP,0,Thursday,140,8734,37435
1R3q507dzdY,Kaha Pugey Ma | The Elements | Official Music Video,1142,2025-01-26T00:15:06Z,10,0,498174,13628,549,295,126.67563078703704,0,The Elements,130000,NP,0,Sunday,158,22071,94590
RM-sgtC9PPs,Toofan (तूफान) | The Elements | Official Music Video,482,2024-12-25T02:15:06Z,10,0,35634,1892,137,237,137.39791859567902,1,The Elements,130000,NP,2,Wednesday,190,1312,5626
n4TTwG_9Huw,CHALACHITRA ll THE ELEMENTS ll OFFICIAL MUSIC VIDEO,2104,2024-09-28T16:23:53Z,10,20,74314,3803,220,232,91.41265817901234,0,The Elements,130000,NP,16,Saturday,277,1877,8048
vNCeY6czwvI,Chalachitra | The Elements,519,2024-03-30T02:15:03Z,10,0,88406,2179,72,176,142.7730015432099,0,The Elements,130000,NP,2,Saturday,460,1345,5765
UL4-ZEQyRaY,Ujyaalo | The Elements,810,2024-03-30T02:15:01Z,10,0,88480,2854,100,261,143.65598186728394,0,The Elements,130000,NP,2,Saturday,460,1346,5770
P5SblXMOols,Raunaq | The Elements,699,2024-03-30T02:15:01Z,10,0,52338,1321,62,181,144.41202160493827,0,The Elements,130000,NP,2,Saturday,460,796,3413
MDxcWFJIOTQ,Toofan | The Elements,516,2024-03-30T02:15:01Z,10,0,31960,1387,53,236,143.96017361111112,0,The Elements,130000,NP,2,Saturday,460,486,2084
LDs26opO4yY,Saathi | The Elements,730,2024-03-30T02:15:01Z,10,0,34727,1058,37,219,143.93673225308643,0,The Elements,130000,NP,2,Saturday,460,528,2264
SMPEq5r6fDY,Baalaapan | The Elements,655,2024-03-30T02:15:00Z,10,0,41062,1160,49,209,143.0829475308642,0,The Elements,130000,NP,2,Saturday,460,624,2677
ikY7Avp_Sto,BHAROSA ll THE ELEMENTS ll OFFICIAL MUSIC VIDEO,3211,2024-03-22T14:15:08Z,10,18,230655,10787,447,236,115.24687307098766,0,The Elements,130000,NP,14,Friday,467,3457,14817
-GfrnoqTopA,Birsiney Hau Ki | The Elements | Live in Sydney 2023,453,2024-02-28T02:15:12Z,10,14,47963,1379,40,423,34.17342978395062,2,The Elements,130000,NP,2,Wednesday,491,683,2930
buSeNrLsj2M,Putali | The Elements | Live in Sydney 2023,506,2024-01-25T01:15:08Z,10,0,147130,3777,73,316,47.66122106481482,0,The Elements,130000,NP,1,Thursday,525,1961,8407
P2R-wukVxOo,Aparichit | The Elements,1692,2020-10-18T12:15:12Z,10,0,551956,12287,227,303,37.331180555555555,0,The Elements,130000,NP,12,Sunday,1718,2248,9638
OHAUJ70KnMg,Khoj | The Elements,1459,2021-04-11T03:15:15Z,10,0,195251,5110,103,233,50.66076967592593,0,The Elements,130000,NP,3,Sunday,1544,885,3793
btOaIxwLJtk,Dhaka Topi | The Elements,1314,2020-05-09T10:15:12Z,10,0,67065,2917,89,217,53.75235725308642,3,The Elements,130000,NP,10,Saturday,1880,249,1070
hLUTSqqHMxM,Simaana ( सिमाना) | The Elements (Official lyrical),1456,2020-06-03T09:15:12Z,10,0,48148,2022,95,236,67.20524112654321,0,The Elements,130000,NP,9,Wednesday,1855,181,778
1xuKAKJeQkk,Gagan | The Elements | Lyrical Video,1992,2020-08-03T03:15:10Z,10,7,180193,4615,145,298,33.297980324074075,0,The Elements,130000,NP,3,Monday,1795,702,3011
D6oDup51h3k,Aakha Ramaye | The Elements (Lyrical),1537,2020-09-03T13:15:27Z,10,0,40845,1749,57,128,21.561163194444443,0,The Elements,130000,NP,13,Thursday,1763,162,695
u_IchGWYyWw,Prasna (Official),150,2020-05-04T20:55:41Z,10,0,677039,13503,184,196,36.33818865740741,1,John Rai,448000,US,20,Monday,1885,2514,10775
GEcrXlV8INI,KO XA RA,329,2021-10-12T14:53:46Z,10,18,265596,5834,175,117,28.333119212962963,0,John Rai,448000,US,14,Tuesday,1359,1368,5863
euk8LLHitsI,मुटू देखिन्,0,2021-12-03T14:44:49Z,10,0,136821,3624,68,118,17.236452546296295,0,John Rai,448000,US,14,Friday,1307,732,3140
S-Kf6CnJC2w,SADHANA ( साधना ),193,2022-04-29T15:55:50Z,10,18,6719385,61410,1195,121,39.64126543209876,0,John Rai,448000,US,15,Friday,1160,40548,173777
KNhO9qfZ2o0,Parkhidina | CHUMBAK (Official Music Video),241,2023-10-25T02:15:09Z,10,0,1319949,20895,461,196,41.96382137345679,0,KLM RECORDS,20300,US,2,Wednesday,617,14975,64179
Ro2O69mM6dw,CHUMBAK - SAPANA VAYO MAHANGO(FULL ALBUM),588,2025-06-04T18:50:36Z,10,0,8035,453,48,2395,153.0777584876543,0,KLM RECORDS,20300,US,18,Wednesday,28,2008,8035
AUWMxpDAFh4,CHUMBAK | SABAI SAKYO (Official Music Video),491,2025-04-04T15:45:06Z,10,0,108683,3692,232,366,80.17239969135802,0,KLM RECORDS,20300,US,15,Friday,89,8548,36634
W-bBQD5pP7o,CHUMBAK | SAPANA VAYO MAHANGO,224,2025-03-15T12:15:06Z,10,0,20539,1223,85,278,34.05291087962963,0,KLM RECORDS,20300,US,12,Saturday,109,1319,5652
1rTqcZXxYIk,CHUMBAK | KAALO,1036,2025-03-04T10:13:39Z,10,0,42346,1272,104,294,34.855505401234566,0,KLM RECORDS,20300,US,10,Tuesday,120,2470,10586
sjBMxI-R-8Y,CHUMBAK | LAYAK (LYRICS VIDEO),751,2025-01-27T02:15:06Z,10,0,68265,1689,131,262,35.26757330246914,0,KLM RECORDS,20300,US,2,Monday,157,3043,13044
fYVphsLPCW8,CHUMBAK | SABAI SAKYO (LYRIC VIDEO),304,2024-12-21T03:15:06Z,10,0,453528,5770,303,327,35.61210069444444,0,KLM RECORDS,20300,US,3,Saturday,194,16364,70133
XssGcf9peFo,CHUMBAK | NIYANTRAN (Official Music Video),548,2024-10-31T15:38:32Z,10,0,97454,2569,187,259,12.506541280864198,0,KLM RECORDS,20300,US,15,Thursday,244,2795,11982
WRPjhT-wfKM,CHUMBAK | AAKO CHHU (INTERLUDE) OFFICIAL MUSIC VIDEO,1582,2024-10-12T02:15:06Z,10,0,152775,2815,138,215,25.297708333333333,0,KLM RECORDS,20300,US,2,Saturday,264,4050,17360
BOMebhx7kdk,CHUMBAK | BHARI MAAN (OFFICIAL LYRIC VIDEO),451,2024-09-21T12:15:26Z,10,0,50043,1169,119,453,36.26396026234568,0,KLM RECORDS,20300,US,12,Saturday,284,1233,5286
FPyGWhdPqzA,CHUMBAK | JUDHERA(OFFICAL LYRIC VIDEO),631,2024-09-01T13:15:21Z,10,0,53991,2051,154,351,36.30359953703704,0,KLM RECORDS,20300,US,13,Sunday,304,1243,5328
4kQ09EfBi5s,THIK THIK | CHUMBAK (Lyrics video),690,2024-01-26T03:15:12Z,10,0,59400,1398,94,293,133.21499421296295,0,KLM RECORDS,20300,US,3,Friday,524,793,3400
DaTdxmGK1yo,Chumbak | Nindra,1318,2024-01-12T00:08:57Z,10,0,31990,1149,66,221,40.40662037037037,0,KLM RECORDS,20300,US,0,Friday,538,416,1783
zu6Tad3RSYI,GarageBand Times | CHUMBAK,160,2023-08-28T18:36:44Z,10,0,6029,225,12,226,32.2312287808642,2,KLM RECORDS,20300,US,18,Monday,674,62,268
lSn1ytqcZjg,CHUMBAK | CHUMBAK (Full EP),0,2023-07-14T13:15:07Z,10,0,31650,725,46,1195,117.08575424382715,3,KLM RECORDS,20300,US,13,Friday,719,308,1320
2l8q2ZGNHjY,CHUMBAK | Naya Samay (Official Audio),1047,2023-05-30T13:15:07Z,10,0,23300,924,67,257,118.04571952160494,3,KLM RECORDS,20300,US,13,Tuesday,764,213,914
--CfYt5bD-U,CHUMBAK | Ahile Bhana (Official Music Video),1673,2022-12-23T13:45:10Z,10,0,431005,7986,236,288,10.594253472222222,0,KLM RECORDS,20300,US,13,Friday,922,3272,14024
ZrVfpp4Helw,CHUMBAK | Daar Chhaina ft. EevaFaaK ( Official Music Video ),921,2022-11-18T03:15:08Z,10,25,145575,3682,161,228,42.89974537037037,1,KLM RECORDS,20300,US,3,Friday,958,1063,4558
lVXyqE34InE,CHUMBAK - Vaagera,361,2022-10-02T17:11:01Z,10,0,20472,836,34,239,118.4563136574074,0,KLM RECORDS,20300,US,17,Sunday,1004,142,611
CFJlK2Ycdf0,CHUMBAK - Bageko Bagai (Full EP),602,2022-08-18T13:15:16Z,10,0,19360,641,39,1017,64.63871720679012,0,KLM RECORDS,20300,US,13,Thursday,1049,129,553
I9GXzy2gsUM,CHUMBAK - Nachana,711,2022-08-03T18:50:51Z,10,0,19571,778,45,196,82.64801697530864,0,KLM RECORDS,20300,US,18,Wednesday,1064,128,551
DWa_HLrAW64,CHUMBAK X EVAA - Bagdai Chhu,91,2022-06-26T17:32:09Z,10,0,3857,221,21,233,103.8232349537037,0,KLM RECORDS,20300,US,17,Sunday,1102,24,105
66cOP2bPVak,CHUMBAK - Aafai Sanga,57,2022-06-24T17:59:55Z,10,0,37599,1280,41,279,31.032399691358023,0,KLM RECORDS,20300,US,17,Friday,1104,238,1021
WCfNkmMTWIE,CHUMBAK - TAADAI TIK CHU,91,2022-06-21T00:53:20Z,10,0,43966,1252,50,268,126.04568479938271,0,KLM RECORDS,20300,US,0,Tuesday,1108,277,1190
RxM4yCF4wQU,मेरो देश - The Shadows 'Nepal',431,2021-10-14T11:42:45Z,10,0,57298,3640,180,368,133.73711419753087,0,The Shadows 'Nepal',93000,NP,11,Thursday,1357,295,1266
BaMerY8rOrY,Abasaad - The Shadows 'Nepal' Official Lyrical Video,569,2020-06-20T06:15:13Z,10,0,534151,17699,679,294,54.030663580246916,1,The Shadows 'Nepal',93000,NP,6,Saturday,1839,2033,8713
5kG06KGLxsE,The Shadows 'Nepal' -  Aama  |  आमा,1210,2020-04-23T12:45:10Z,10,0,282997,13655,518,303,122.35452932098765,0,The Shadows 'Nepal',93000,NP,12,Thursday,1896,1044,4477
lWcwudHPqXE,The Shadows 'Nepal' - K Pais Nepali ? Official Music Video,1105,2019-08-03T04:13:19Z,10,14,1344503,53640,2142,314,25.18145061728395,0,The Shadows 'Nepal',93000,NP,4,Saturday,2161,4355,18665
BGCc4fDhj9A,The Shadows 'Nepal' - Balaatkaari Lai Faansi Dey | बलात्कारीलाई फाँसी दे !,1175,2019-05-31T13:13:45Z,10,14,608675,28194,1461,368,8.311853780864197,0,The Shadows 'Nepal',93000,NP,13,Friday,2224,1915,8210
zq6g1xgCOTI,'Aath Din' OFFICIAL -The Shadows 'Nepal',638,2016-03-02T10:51:49Z,10,10,916076,13803,447,350,59.64914737654321,0,The Shadows 'Nepal',93000,NP,10,Wednesday,3409,1881,8061
mlbY_JRhFIM,बन्द नेपाल- Banda Nepal - The Shadows 'Nepal' (Lyrics Video),262,2013-11-12T15:26:39Z,10,5,69036,1038,34,285,3.305347222222222,0,The Shadows 'Nepal',93000,NP,15,Tuesday,4250,113,487
f4ek_hvtkeA,Naya Nepal - The Shadows 'Nepal' with Lyrics,405,2013-02-04T10:51:49Z,10,11,13178,393,20,245,60.5214949845679,0,The Shadows 'Nepal',93000,NP,10,Monday,4531,20,87
F2Rz-sAxNYM,Naya Nepal- The Shadows 'Nepal' © (Official Music Video),1337,2013-01-14T12:42:07Z,10,22,183021,2579,113,244,74.72543402777778,1,The Shadows 'Nepal',93000,NP,12,Monday,4552,281,1206
01Ocf5GFijo,Buddha Nepalko - The Shadows Nepal (Lyric Video),118,2014-09-13T08:48:57Z,10,17,700159,8264,168,395,37.637810570987654,4,Haude Project,61800,,8,Saturday,3945,1242,5324
